id,link,domain
1r40e0r,https://www.redgifs.com/watch/hilariousspryeelelephant,www.redgifs.com
1rg3fpf,https://www.redgifs.com/ifr/splendiddecisivenoddy/?2/,www.redgifs.com
1rg5m46,https://www.redgifs.com/watch/tubbyhelplesspanther,www.redgifs.com
1rgmzbe,https://www.redgifs.com/watch/menacingproperneonredguppy,www.redgifs.com
1ri39na,https://www.redgifs.com/watch/unnaturalbountifulasiantrumpetfish,www.redgifs.com
1rngr2r,https://www.redgifs.com/watch/whoppingbonymyna,www.redgifs.com
1rrqppu,https://www.redgifs.com/watch/impossibleelaboratemeadowlark,www.redgifs.com
1rtoiok,https://www.redgifs.com/watch/uprightseveralprawn,www.redgifs.com
1s0ujtv,https://www.redgifs.com/watch/adventurousbestanaconda,www.redgifs.com
1s39yao,https://www.redgifs.com/watch/rawvigorousowl,www.redgifs.com
1s7ipj9,https://www.redgifs.com/watch/similarcrazyhummingbird,www.redgifs.com
1s7qboy,https://www.redgifs.com/watch/downrightposhdavidstiger,www.redgifs.com
1spu9k9,https://www.redgifs.com/watch/opulentcourageousnilgai,www.redgifs.com
1sr5szs,https://www.redgifs.com/watch/delayedloosedragon,www.redgifs.com
1ss87h8,https://www.redgifs.com/ifr/frontlightslatebluebelugawhale/?2/,www.redgifs.com
1sszhpq,https://www.redgifs.com/watch/concretepessimistictuatara,www.redgifs.com
1swcz8g,https://redgifs.com/watch/preciousdeadlyleafbird,redgifs.com
1swvukn,https://www.redgifs.com/watch/cyanstaleantipodesgreenparakeet,www.redgifs.com
1sx36cv,https://www.redgifs.com/watch/dimgreydeafeningperch,www.redgifs.com
1t4f5sx,https://www.redgifs.com/watch/feistyunselfishcod,www.redgifs.com
1t68dpf,https://www.redgifs.com/watch/elegantimmaculatesloth,www.redgifs.com
1t7awap,https://www.redgifs.com/watch/shockingtrustingxiphiasgladius,www.redgifs.com
