id,reason
1r40e0r,no_reddit_media_url
1rg3fpf,no_reddit_media_url
1rg5m46,no_reddit_media_url
1rgmzbe,no_reddit_media_url
1ri39na,no_reddit_media_url
1rngr2r,no_reddit_media_url
1rrqppu,no_reddit_media_url
1rtoiok,no_reddit_media_url
1s0ujtv,no_reddit_media_url
1s39yao,no_reddit_media_url
1s7ipj9,no_reddit_media_url
1s7qboy,no_reddit_media_url
1spu9k9,no_reddit_media_url
1sr5szs,no_reddit_media_url
1ss87h8,no_reddit_media_url
1sszhpq,no_reddit_media_url
1swcz8g,no_reddit_media_url
1swvukn,no_reddit_media_url
1sx36cv,no_reddit_media_url
1t4f5sx,no_reddit_media_url
1t68dpf,no_reddit_media_url
1t7awap,no_reddit_media_url
1ta2ilp,no_reddit_media_url
1tba3h7,no_reddit_media_url
1tbd60y,no_reddit_media_url
