ts,id,status,url,bucket,out_path,reason,http_status
2025-12-22T10:15:21.898485+00:00,1ppzly1,success,https://www.reddit.com/r/cumsluts/comments/1ppzly1/live_nation,external,Out\external\1ppzly1.json,,200
2025-12-22T10:15:23.171267+00:00,1pq0icu,success,https://www.reddit.com/r/NexxxtUp/comments/1pq0icu/anjelica_ebbi_legalporno,external,Out\external\1pq0icu.json,,200
2025-12-22T10:15:23.498625+00:00,1pq5tzk,success,https://www.reddit.com/r/bangmybully/comments/1pq5tzk/you_cant_get_too_upset_when_all_of_your_friends,media,Out\media\1pq5tzk.json,,200
2025-12-22T10:15:23.820660+00:00,1pqs1tt,success,https://www.reddit.com/r/SluttyConfessions/comments/1pqs1tt/he_bribed_me_f23_into_being_his_freeuse_slut_for,text,Out\text\1pqs1tt.json,,200
2025-12-22T10:15:24.132128+00:00,1pqp0b4,success,https://www.reddit.com/r/bangmybully/comments/1pqp0b4/too_much_bully_teasing_to_even_complain,external,Out\external\1pqp0b4.json,,200
2025-12-22T10:15:24.529332+00:00,1prcx9x,success,https://www.reddit.com/r/SluttyConfessions/comments/1prcx9x/wife_can_never_find_this_out,text,Out\text\1prcx9x.json,,200
2025-12-22T10:15:24.998120+00:00,1pqrhv1,success,https://www.reddit.com/r/bangmybully/comments/1pqrhv1/when_u_arrived_home_u_found_this_scene,external,Out\external\1pqrhv1.json,,200
2025-12-22T10:15:26.286047+00:00,1prgp2y,success,https://www.reddit.com/r/bangmybully/comments/1prgp2y/be_more_careful_next_time_loser,external,Out\external\1prgp2y.json,,200
2025-12-22T10:15:26.779562+00:00,1ps3sru,success,https://www.reddit.com/r/bangmybully/comments/1ps3sru/who_got_your_mom_pregnant,external,Out\external\1ps3sru.json,,200
2025-12-22T10:15:27.340248+00:00,1pqymdw,success,https://www.reddit.com/r/bdsm/comments/1pqymdw/powerless_birthday_princess_gets_surprise_visit,external,Out\external\1pqymdw.json,,200
2025-12-22T10:15:27.845997+00:00,1ps34om,success,https://www.reddit.com/r/SluttyConfessions/comments/1ps34om/im_secretly_typing_this_while_i_ride_my_husbands,text,Out\text\1ps34om.json,,200
2025-12-22T10:15:28.815517+00:00,1ps619h,success,https://www.reddit.com/r/bangmybully/comments/1ps619h/your_mom_went_on_a_date_with_your_bully_to_stop,external,Out\external\1ps619h.json,,200
2025-12-22T10:15:29.159487+00:00,1psi75t,success,https://www.reddit.com/r/IWantToBeHerHentai2/comments/1psi75t/someone_flood_my_pussy_like_this_im_begging,media,Out\media\1psi75t.json,,200
2025-12-22T10:15:29.557417+00:00,1prxxi4,success,https://www.reddit.com/r/rape_hentai/comments/1prxxi4/id_have_toys_of_all_my_friends_if_this_was,media,Out\media\1prxxi4.json,,200
2025-12-22T10:15:30.043358+00:00,1ps8j91,success,https://www.reddit.com/r/cumsluts/comments/1ps8j91/somethings_gotta_blow,external,Out\external\1ps8j91.json,,200
2025-12-22T10:15:30.475782+00:00,1prp295,success,https://www.reddit.com/r/SluttyConfessions/comments/1prp295/my_fwb_vs_my_hyperspermia_could_she_swallow_it_all,text,Out\text\1prp295.json,,200
2025-12-22T10:15:30.879554+00:00,xzs8z7,success,https://www.reddit.com/r/gettingbigger/comments/xzs8z7/how_to_get_hyperspermia,text,Out\text\xzs8z7.json,,200
2025-12-22T10:15:31.287980+00:00,1pspufu,success,https://www.reddit.com/r/SanFranciscoNSFW/comments/1pspufu/public_sex_mission,media,Out\media\1pspufu.json,,200
